{
  "bones": {
    "spine_02": [
      0,
      -20.16811264694212,
      0
    ],
    "thigh_l": [
      -16.16494922494386,
      0.40076997754977894,
      -1.28938359278114
    ],
    "thigh_r": [
      0,
      7.534069835467568,
      6.14947956672656
    ],
    "calf_l": [
      18.544635236193773,
      -12.394985022845612,
      4.118578464127798
    ],
    "calf_r": [
      -5.619956217342333e-17,
      5.836932716322385,
      0.7593616015070856
    ],
    "foot_l": [
      11.32843966502193,
      -7.496150117222358,
      1.4971269512307424
    ],
    "upperarm_l": [
      4.746579726132701,
      7.502947962090688,
      -32.45210624992807
    ],
    "upperarm_r": [
      -93.3319964290767,
      2.281601465489052,
      37.45642387287242
    ],
    "lowerarm_r": [
      -23.998297185992104,
      -4.3562051973447895,
      104.41443477754062
    ],
    "hand_r": [
      -18.265509542384073,
      -14.0778953283275,
      -12.831316437589292
    ],
    "index_02_l": [
      66.47241398458509,
      -50.46023093681492,
      -27.14332857848957
    ],
    "middle_02_l": [
      95.60437250783305,
      -61.59579406048777,
      -18.662604625900485
    ],
    "pinky_02_l": [
      56.369641095605566,
      -32.50094158297341,
      -30.089731771320015
    ],
    "ring_02_l": [
      84.10353309315641,
      -53.73343746122678,
      -20.065209754927796
    ],
    "thumb_02_l": [
      84.84907150818329,
      41.0534955519009,
      -39.01559215592753
    ]
  },
  "modelRotation": [
    0,
    0,
    0
  ],
  "camera": {
    "posX": 0.3999999999999999,
    "posY": 1.3482184886932398,
    "posZ": 45.87831398844719,
    "targetX": 0.3999999999999999,
    "targetY": 1.3482184886932371,
    "targetZ": 0.8783139884471891
  }
}