{
  "bones": {
    "spine_02": [
      0,
      -12.013122134025588,
      0
    ],
    "thigh_r": [
      -14.720280495548236,
      0,
      0
    ],
    "calf_l": [
      5.660143346779605,
      0,
      0
    ],
    "calf_r": [
      22.325787788639182,
      0,
      0
    ],
    "foot_r": [
      17.621616827318235,
      0,
      0
    ],
    "upperarm_l": [
      0,
      0,
      -33.11069184107887
    ],
    "upperarm_r": [
      2.2901540648095438,
      1.987846675914698e-16,
      35.57715702974492
    ],
    "head": [
      0,
      21.354793311765974,
      0
    ],
    "lowerarm_l": [
      17.084236556799258,
      6.975206101725786,
      -23.208375550991803
    ],
    "lowerarm_r": [
      64.31385961221534,
      -3.690453111785061,
      -9.995619497499947
    ],
    "hand_r": [
      -20.43686878824575,
      -32.176947441980474,
      37.03209737414293
    ],
    "middle_02_l": [
      0.5004966663672765,
      20.551617823782728,
      10.167751591409125
    ]
  },
  "modelRotation": [
    0,
    50,
    0
  ]
}