{
  "bones": {
    "spine_02": [
      0,
      0,
      -9.719688118152606
    ],
    "spine_03": [
      0.37803081207909117,
      -0.6327403084292814,
      12.74335921591839
    ],
    "thigh_l": [
      0.4966015488847628,
      -10.295422560453433,
      3.028014407503453
    ],
    "thigh_r": [
      0.1741755262603126,
      -0.1852948306368325,
      9.85223004748333
    ],
    "calf_l": [
      -6.022243880291648,
      -10.09959808699534,
      -1.0598449739244242
    ],
    "upperarm_l": [
      1.8975847858544939,
      3.1121430823831533,
      -40.11039136754459
    ],
    "upperarm_r": [
      0,
      0,
      8.207041409619537
    ],
    "head": [
      0.3345895400352646,
      -6.921232506153272,
      -0.035690295356837695
    ],
    "lowerarm_l": [
      31.79009037458148,
      12.781729383977487,
      -5.278273703638931
    ],
    "lowerarm_r": [
      0,
      76.40308344016319,
      0
    ],
    "hand_l": [
      -36.69146262475431,
      33.21795701977542,
      34.62871103224389
    ],
    "thumb_01_l": [
      -6.194633531949184,
      0,
      0
    ],
    "thumb_03_r": [
      -7.079125421160121,
      -0.36786921511724574,
      1.699882017265043
    ]
  },
  "modelRotation": [
    0,
    0,
    0
  ]
}