{
  "bones": {
    "thigh_l": [
      -4.046629162149423,
      0,
      0
    ],
    "calf_l": [
      29.357683286424876,
      1.0390759292493645,
      -0.5844262259927423
    ],
    "foot_l": [
      19.986428554216573,
      0,
      0
    ],
    "upperarm_l": [
      -39.83794575909458,
      40.528558471775305,
      -10.325487455360363
    ],
    "upperarm_r": [
      13.36260489221786,
      3.7989232228455596,
      15.58470985507575
    ],
    "head": [
      6.935070480686225,
      -38.87481514242961,
      -1.2805843476607643
    ],
    "lowerarm_l": [
      10.559934117407169,
      -44.46390312654188,
      -73.53656713590388
    ],
    "lowerarm_r": [
      -17.582773469591697,
      -3.593458978982544,
      22.875750897016324
    ],
    "hand_l": [
      -36.018172970757355,
      -6.75646426708346,
      72.44818167429196
    ],
    "hand_r": [
      81.11438219406077,
      42.95796188856104,
      -29.138609478860445
    ],
    "ring_01_l": [
      0,
      0,
      -8.769589622372672
    ]
  },
  "modelRotation": [
    0,
    44,
    0
  ]
}