{
  "bones": {
    "pelvis": [
      0,
      10.110933393455731,
      -0.2207803020154991
    ],
    "spine_01": [
      2.491610850650969e-17,
      -4.234779869291079,
      4.282287163705052
    ],
    "spine_02": [
      0,
      0,
      -1.1763354438608666
    ],
    "thigh_l": [
      2.2430417142313157,
      -10.283436789707777,
      -2.9877672112575437
    ],
    "thigh_r": [
      -10.01983526991116,
      22.363931783693946,
      6.515252973342224
    ],
    "calf_l": [
      -0.08862247812947169,
      -1.2967987535676413,
      0.06158913907726767
    ],
    "calf_r": [
      16.464457573971295,
      8.112795278494014,
      -1.3518921003653164
    ],
    "foot_r": [
      3.6524683853298185,
      0,
      0
    ],
    "upperarm_l": [
      3.4084808709220673,
      1.4501372211204475,
      -16.11761468050724
    ],
    "upperarm_r": [
      0,
      0,
      24.885015116908985
    ],
    "lowerarm_l": [
      -10.622464356435056,
      -62.43009468391985,
      -1.3200626809207079
    ],
    "lowerarm_r": [
      -27.76977357861185,
      37.97991323515391,
      62.921261393270754
    ],
    "hand_l": [
      -33.412301061076384,
      -6.808425470223517,
      -68.07567299467341
    ],
    "hand_r": [
      17.448955597846897,
      35.673933888999535,
      -30.91028591447108
    ],
    "index_01_l": [
      91.54524647199699,
      -34.135324744856334,
      4.609666312901881
    ],
    "index_01_r": [
      69.56888405095191,
      -5.98393745707872,
      25.735044174531474
    ],
    "index_02_r": [
      -154.3883660577718,
      56.357436723709434,
      -161.24298769819632
    ],
    "middle_01_l": [
      76.6911395652618,
      -31.44980870820755,
      -22.686705040841932
    ],
    "middle_01_r": [
      23.000255982721256,
      21.533983278184042,
      43.01842183214661
    ],
    "middle_02_r": [
      112.36495666479763,
      76.12337719744679,
      17.555054278158025
    ],
    "pinky_01_l": [
      64.91765314395124,
      -22.98416465120273,
      -35.453422388627004
    ],
    "pinky_01_r": [
      21.13049206667989,
      7.816861360850142,
      36.538398955356016
    ],
    "pinky_02_r": [
      43.3671432756753,
      46.009121923721466,
      52.90243579525958
    ],
    "ring_01_l": [
      68.8962389834204,
      -26.661673508158245,
      -37.35349540289883
    ],
    "ring_01_r": [
      22.79769965447993,
      17.852061042741045,
      39.95458358326116
    ],
    "ring_02_r": [
      41.841116778160746,
      58.19380889443149,
      87.16452953852324
    ],
    "ring_03_l": [
      -4.293482612433274,
      1.8223896815266891,
      -0.4446905311583272
    ],
    "thumb_01_l": [
      13.356828887129275,
      0,
      0
    ],
    "thumb_01_r": [
      0.07289562666147967,
      -12.607758273329022,
      4.0628072610443535
    ],
    "thumb_03_r": [
      10.693451878451008,
      -11.338887820694003,
      11.549441457433394
    ]
  },
  "modelRotation": [
    0,
    0,
    0
  ]
}