{
  "bones": {
    "thigh_l": [
      -4.046629162149423,
      0,
      0
    ],
    "calf_l": [
      29.357683286424876,
      1.0390759292493645,
      -0.5844262259927423
    ],
    "foot_l": [
      19.986428554216573,
      0,
      0
    ],
    "upperarm_l": [
      -2.5720595963812904,
      28.158009329257066,
      -31.988749454911833
    ],
    "upperarm_r": [
      13.36260489221786,
      3.7989232228455596,
      15.58470985507575
    ],
    "head": [
      5.915330889998262,
      -61.328160126214954,
      -2.0781803215792087
    ],
    "lowerarm_l": [
      -60.977637555398005,
      -38.20070957445185,
      -123.09230277632771
    ],
    "lowerarm_r": [
      -17.582773469591697,
      -3.593458978982544,
      22.875750897016324
    ],
    "hand_l": [
      31.824987959497484,
      -18.76089243835127,
      6.066467165981621
    ],
    "hand_r": [
      81.11438219406077,
      42.95796188856104,
      -29.138609478860445
    ]
  },
  "modelRotation": [
    0,
    83,
    0
  ]
}