{
  "bones": {
    "thigh_l": [
      0.030662929390361256,
      0.037179435233219815,
      -1.9511413129070545
    ],
    "thigh_r": [
      0.05547697675311541,
      -0.017954767618471063,
      0.8345742720326014
    ],
    "upperarm_l": [
      1.4816937206861809,
      2.5188918046150155,
      -32.189079620424415
    ],
    "upperarm_r": [
      1.5645360579686178,
      -2.5955994771075455,
      33.41804522652715
    ]
  },
  "modelRotation": [
    0,
    0,
    0
  ]
}