{
  "bones": {
    "spine_02": [
      0,
      6.26171323800684,
      0
    ],
    "thigh_l": [
      -9.242286285025681,
      -14.277526048693726,
      -2.2980669589587417
    ],
    "thigh_r": [
      -22.882903900419464,
      11.264051922447296,
      4.712938134518577
    ],
    "calf_r": [
      28.80855477415995,
      15.032875159945426,
      3.329754863077135
    ],
    "foot_r": [
      28.302494115942306,
      0,
      0
    ],
    "upperarm_l": [
      -5.122715087165984,
      -19.826278377544835,
      -32.58458357471034
    ],
    "upperarm_r": [
      2.046869706345472,
      -3.1674458729302657,
      37.87377813430452
    ],
    "ball_l": [
      27.372947479493256,
      0,
      0
    ],
    "head": [
      15.92628901837729,
      3.980930360941821,
      -4.530685492662728
    ],
    "lowerarm_l": [
      -27.213756656621097,
      9.447695794889476,
      -135.30293652922953
    ],
    "lowerarm_r": [
      39.530656198495464,
      -20.387748780649872,
      0
    ],
    "hand_l": [
      93.52345687032616,
      -27.78505994738041,
      47.19318757619603
    ],
    "index_02_l": [
      -2.950838906060616,
      3.4578489574694005,
      -0.06275580993424822
    ],
    "middle_02_l": [
      30.314037428905834,
      -14.434370569318384,
      -12.357965934226149
    ],
    "middle_03_l": [
      5.6491836359305125,
      0,
      0
    ],
    "pinky_02_l": [
      16.23881906785246,
      -33.69206040977644,
      -21.46434611646352
    ],
    "ring_02_l": [
      24.508512519687148,
      -16.979241372953474,
      -25.942353993631475
    ],
    "thumb_01_l": [
      -9.835743451230977,
      -0.6925825815050475,
      40.65516239448002
    ],
    "thumb_02_l": [
      10.360563661876894,
      -13.7812861536769,
      -27.951676922989677
    ]
  },
  "modelRotation": [
    0,
    0,
    0
  ]
}