{
  "bones": {
    "spine_02": [
      0,
      -19.86709560684628,
      0
    ],
    "thigh_l": [
      0,
      -15.36392706423902,
      0
    ],
    "thigh_r": [
      0,
      -16.764780780286465,
      0
    ],
    "calf_r": [
      -0.9081768610032926,
      25.247423596823463,
      7.094864320856223
    ],
    "foot_r": [
      10.897888542727697,
      0,
      0
    ],
    "upperarm_l": [
      0,
      0,
      -29.552954062211583
    ],
    "upperarm_r": [
      7.381517282529653,
      19.760564825411887,
      27.236674414961705
    ],
    "head": [
      0,
      13.91796575748088,
      0
    ],
    "lowerarm_l": [
      47.67862970107647,
      -0.47650459151249047,
      -0.4338975122484167
    ],
    "lowerarm_r": [
      8.955616917706525,
      4.637755384171254,
      -1.2737342938698473
    ]
  },
  "modelRotation": [
    0,
    0,
    0
  ]
}