{
  "bones": {
    "spine_02": [
      -8.595464718068525,
      0.35376825781689863,
      -10.238521737429586
    ],
    "spine_03": [
      -24.30340531444038,
      -0.17367327022566972,
      1.5657241442574932
    ],
    "thigh_l": [
      -69.1500141919166,
      7.664411819851896,
      -9.933942486916141
    ],
    "thigh_r": [
      67.20594061713177,
      -4.236514490043941,
      -0.12971779818627682
    ],
    "calf_l": [
      94.18222906710162,
      -11.0452406056219,
      -70.09160896508982
    ],
    "calf_r": [
      56.60168241556285,
      -20.68050315314272,
      8.295619684393358
    ],
    "foot_l": [
      1.8370257175612854,
      -2.4848083448933725e-17,
      13.818877488186931
    ],
    "foot_r": [
      50.425423878128775,
      -7.287624422886378,
      36.277120517367344
    ],
    "upperarm_l": [
      -1.329291158084759e-15,
      -53.26123836545304,
      -9.4929998919217
    ],
    "upperarm_r": [
      -29.511733079212775,
      0.8788885863748069,
      -38.23304453123571
    ],
    "ball_l": [
      -20.04674076627702,
      15.261014626620756,
      71.4360443076799
    ],
    "head": [
      41.97934473528112,
      -46.06484519207585,
      7.426541443156821
    ],
    "lowerarm_l": [
      17.345567080097023,
      3.359345140534637,
      -12.51785429363492
    ],
    "lowerarm_r": [
      117.20902305109989,
      -16.506339910758918,
      -98.75642999530274
    ],
    "hand_r": [
      -23.18064072316159,
      -14.401363935984461,
      -3.3729563903953106
    ],
    "pinky_01_r": [
      -14.737476560510329,
      -71.79897796822716,
      2.5456504739778948e-15
    ]
  },
  "modelRotation": [
    8,
    55,
    -11
  ],
  "camera": {
    "posX": -2.7149534754107973,
    "posY": 9.445470795418169,
    "posZ": 45.187427054293515,
    "targetX": -1.2160166143434525,
    "targetY": 1.361492703727333,
    "targetZ": 0.9448854625225067
  },
  "cameraParams": {
    "offset_x": 1.2160166143434525,
    "offset_y": -2.778489421180336,
    "zoom": 2.42
  },
  "ikEffectorPositions": {
    "pelvis": [
      0.03878321662995177,
      -0.7020305997609686,
      0.0922700766271431
    ],
    "hand_l": [
      2.8983064013553594,
      -0.03582323298671308,
      0.002005176308086387
    ],
    "hand_r": [
      -2.276212504163754,
      3.5174273181410367,
      3.679233014825474
    ],
    "foot_l": [
      -0.20479051357149913,
      -2.1251222181396967,
      2.805319100052929
    ],
    "foot_r": [
      -4.7196098926448204,
      0.14440458296783332,
      -2.5870390922239457
    ],
    "head": [
      -0.6381871056140133,
      3.828043707298475,
      -1.5114594166657653
    ]
  },
  "poleTargetPositions": {
    "leftArm": [
      2.6259928783886104,
      1.0554413795471191,
      0.3038254778624516
    ],
    "rightArm": [
      -2.6259928783886104,
      1.0554413795471191,
      0.3038254778624516
    ],
    "leftLeg": [
      0.9691314086140237,
      -4.250202655792236,
      1.1691258965930165
    ],
    "rightLeg": [
      -0.9691314086140237,
      -4.250202655792236,
      1.1691258965930165
    ]
  },
  "hipBonePosition": {
    "hips": [
      0,
      7.473081588745117,
      0.4029252827167511
    ]
  }
}