{
  "bones": {
    "spine_02": [
      0.2564869903613622,
      -0.9489580519633,
      30.24873554693415
    ],
    "spine_03": [
      1.573096530001905,
      7.6401008268424535,
      20.552779484675522
    ],
    "upperarm_l": [
      -13.632239500640386,
      -5.393948146298,
      77.86824780871268
    ],
    "upperarm_r": [
      -5.663477840317272,
      -9.335197051157161,
      -47.24313880134664
    ],
    "lowerarm_l": [
      -121.36260511715055,
      34.06324392256634,
      29.75058353291441
    ],
    "lowerarm_r": [
      -58.97983295568215,
      50.52449199434555,
      108.33377990010075
    ],
    "hand_l": [
      16.929901689062422,
      -12.018625154470001,
      42.75662678040234
    ]
  },
  "modelRotation": [
    0,
    0,
    0
  ],
  "camera": {
    "posX": -8.151520174501033e-09,
    "posY": -1.5360619866737497,
    "posZ": 45.93925040960312,
    "targetX": 0,
    "targetY": -1.536062002182007,
    "targetZ": 0.939250409603119
  }
}