{
  "bones": {
    "spine_02": [
      60.8199923783819,
      0,
      0
    ],
    "thigh_l": [
      0,
      0,
      12.236117700966886
    ],
    "thigh_r": [
      4.431308649514949,
      -0.26703789712377074,
      -18.40607553591844
    ],
    "head": [
      -58.91898078390233,
      0,
      0
    ],
    "lowerarm_l": [
      56.86594886513958,
      0,
      0
    ],
    "lowerarm_r": [
      -71.52038141228188,
      67.39943547168502,
      65.20331201905883
    ],
    "pinky_01_r": [
      0.3099170405244476,
      -0.45907508489258886,
      -0.25764606221298153
    ]
  },
  "modelRotation": [
    0,
    0,
    0
  ],
  "camera": {
    "posX": 1.9193356663530317,
    "posY": 2.407913488087159,
    "posZ": 36.67600389045625,
    "targetX": 0,
    "targetY": -1.5360620021820068,
    "targetZ": 0.9392504096031189
  }
}