{
  "bones": {
    "upperarm_r": [
      0.7556311531524328,
      13.024368385816338,
      0
    ],
    "head": [
      0,
      -55.59535684889007,
      0
    ],
    "lowerarm_l": [
      39.6546774883091,
      0,
      0
    ],
    "lowerarm_r": [
      -74.60334961771494,
      -7.419406091999009,
      -45.48508572168282
    ],
    "hand_r": [
      -35.026074255505684,
      -60.84246842329563,
      81.15075034207327
    ],
    "index_01_r": [
      -34.01776020372021,
      76.41847251363599,
      85.18202833175854
    ],
    "middle_01_r": [
      -1.5483060681201652,
      -2.942283333164436,
      -3.141473487037879
    ],
    "pinky_01_r": [
      5.938193032063451,
      32.48366132431925,
      77.7396548487609
    ],
    "ring_01_r": [
      -27.96854494619103,
      52.50037821977651,
      124.70393682055973
    ],
    "thumb_01_r": [
      6.004103116577999,
      16.53754791518456,
      10.743319300549544
    ]
  },
  "modelRotation": [
    0,
    69,
    0
  ]
}