{
  "bones": {
    "lowerarm_l": [
      -110.370586352566,
      -22.508905102065217,
      -8.370872782784254
    ],
    "lowerarm_r": [
      0,
      62.94920354051717,
      0
    ],
    "hand_l": [
      16.929901689062422,
      -12.018625154470001,
      42.75662678040234
    ]
  },
  "modelRotation": [
    0,
    0,
    0
  ],
  "camera": {
    "posX": 0,
    "posY": -1.5360620021820042,
    "posZ": 45.93925040960312,
    "targetX": 0,
    "targetY": -1.5360620021820068,
    "targetZ": 0.9392504096031189
  }
}