{
  "bones": {
    "thigh_l": [
      -78.53323338488336,
      -27.528185731662774,
      17.490004275116984
    ],
    "thigh_r": [
      -61.056501603406744,
      37.37810415265463,
      -30.079827920899564
    ],
    "calf_l": [
      93.92543177235653,
      -21.79981182976264,
      -100.68010266658193
    ],
    "calf_r": [
      89.36307332139835,
      -2.215096626607511,
      128.79119293572452
    ],
    "foot_r": [
      0,
      0,
      3.1877771959184504
    ],
    "lowerarm_l": [
      -44.31903525746658,
      -9.282435535804446,
      -108.05581098031915
    ],
    "lowerarm_r": [
      -51.23563324111491,
      24.41800106293232,
      98.49501190802248
    ],
    "hand_l": [
      -25.46395848226874,
      -67.88217743418363,
      51.37019044461469
    ],
    "hand_r": [
      -54.478566762673466,
      56.03815775731009,
      -34.00684036582464
    ],
    "middle_01_r": [
      0.4981081231761651,
      1.0241895589286811,
      -0.07176260481792139
    ],
    "thumb_02_r": [
      4.061909392999994,
      12.143993457614496,
      10.40473889915647
    ]
  },
  "modelRotation": [
    0,
    0,
    0
  ]
}