{
  "bones": {
    "neck_01": [
      -2.8135619199359065,
      0,
      0
    ],
    "upperarm_r": [
      -101.27761274690016,
      0,
      21.319593091189855
    ],
    "head": [
      3.3845760361993573,
      6.8922313094722325,
      1.2756107929707599
    ],
    "lowerarm_l": [
      -111.69183661823008,
      0,
      -66.1627943290578
    ],
    "lowerarm_r": [
      38.23104645654202,
      2.3674154613221488,
      1.424554069632373
    ],
    "hand_l": [
      -17.263140421732302,
      43.96039213614349,
      -41.53229715684122
    ],
    "hand_r": [
      -59.431460584259376,
      -1.9117555342582309,
      -94.90270204090463
    ],
    "index_01_l": [
      -15.119806437953315,
      -9.517651021239457,
      20.889687027097352
    ],
    "index_01_r": [
      25.094879010707533,
      19.540480609585337,
      35.49508302160757
    ],
    "middle_01_l": [
      16.637010422796738,
      0,
      0
    ],
    "pinky_01_l": [
      21.87118345547138,
      -43.09590699844625,
      -96.63835242553537
    ],
    "pinky_03_r": [
      -2.6307839454348336,
      -2.52730357648765,
      -8.509205031214039
    ],
    "ring_01_l": [
      8.484948434474674,
      -57.94947070361483,
      -101.29326628041832
    ],
    "thumb_02_l": [
      75.71460150105078,
      -72.02064756128566,
      46.79336022516062
    ],
    "thumb_02_r": [
      28.82918940418337,
      0,
      0
    ]
  },
  "modelRotation": [
    1,
    0,
    0
  ]
}