{
  "bones": {
    "spine_03": [
      -24.29419813464236,
      -0.3726380772665103,
      3.301361988392066
    ],
    "thigh_l": [
      -69.1500141919166,
      7.664411819851896,
      -9.933942486916141
    ],
    "thigh_r": [
      67.20594061713177,
      -4.236514490043941,
      -0.12971779818627682
    ],
    "calf_l": [
      94.18222906710162,
      -11.0452406056219,
      -70.09160896508982
    ],
    "calf_r": [
      103.30394138867089,
      -6.355512241880641,
      3.831479397623914
    ],
    "foot_r": [
      50.42542387812878,
      -7.287624422886379,
      1.3158926059492502
    ],
    "upperarm_l": [
      -1.329291158084759e-15,
      -53.26123836545304,
      -9.4929998919217
    ],
    "upperarm_r": [
      -155.67974356157328,
      0.7619728488301597,
      6.208525198412063
    ],
    "head": [
      -23.40377849794063,
      0,
      0
    ],
    "lowerarm_l": [
      17.345567080097023,
      3.359345140534637,
      -12.51785429363492
    ],
    "lowerarm_r": [
      -76.77395401087078,
      19.69134482184527,
      65.64990439451407
    ],
    "hand_r": [
      -20.044608390471215,
      -22.26764864450453,
      -29.36507422255951
    ]
  },
  "modelRotation": [
    8,
    90,
    -11
  ],
  "camera": {
    "posX": 2.820803560567061e-28,
    "posY": 0.9482184886932402,
    "posZ": 50.3331944348571,
    "targetX": 0,
    "targetY": 0.9482184886932372,
    "targetZ": 0.8783139884471892
  }
}